rank,uri,artist_names,track_name,source,peak_rank,previous_rank,days_on_chart,streams
1,"spotify:track:3rUGC1vUpkDG9CZFHMur1t","Tate McRae","greedy","RCA Records Label",1,1,49,"5483445"
2,"spotify:track:2HafqoJbgXdtjwCOvNEF14","iñigo quintero","Si No Estás","Acqustic",1,3,39,"5296773"
3,"spotify:track:1Iq8oo9XkmmvCQiGOfORiz","Taylor Swift","Is It Over Now? (Taylor's Version) (From The Vault)","Taylor Swift",1,2,7,"5175170"
4,"spotify:track:7x9aauaA9cu6tyfpHnqDLo","Jung Kook, Latto","Seven (feat. Latto) (Explicit Ver.)","BIGHIT MUSIC",1,8,112,"4833604"
5,"spotify:track:56y1jOTK0XSvJzVv9vHQBK","Doja Cat","Paint The Town Red","Kemosabe Records/RCA Records",1,4,91,"4562022"
6,"spotify:track:1BxfuPKGuaTgP7aM0Bbdwr","Taylor Swift","Cruel Summer","Taylor Swift",2,6,270,"4472245"
7,"spotify:track:7iQXYTyuG13aoeHxGG28Nh","Bad Bunny, Feid","PERRO NEGRO","Rimas Entertainment LLC",3,5,21,"4403434"
8,"spotify:track:4MjDJD8cW7iVeWInc2Bdyj","Bad Bunny","MONACO","Rimas Entertainment LLC",1,9,21,"4342383"
9,"spotify:track:5KD6AEm19QnMbfWpfoOHMl","Taylor Swift","Now That We Don't Talk (Taylor's Version) (From The Vault)","Taylor Swift",2,7,7,"4209179"
10,"spotify:track:5mjYQaktjmjcMKcUIcqz4s","Kenya Grace","Strangers","Warner Records/Major Recordings",3,12,63,"3799489"
11,"spotify:track:3vkCueOmm7xQDoJ17W1Pm3","Mitski","My Love Mine All Mine","Dead Oceans",9,10,45,"3787743"
12,"spotify:track:71BqAINEnezjQfxE4VuJfq","Taylor Swift","""Slut!"" (Taylor's Version) (From The Vault)","Taylor Swift",2,11,7,"3520594"
13,"spotify:track:5aIVCx5tnk0ntmdiinnYvw","Tyla","Water","FAX Records/Epic",10,14,45,"3392631"
14,"spotify:track:4NioO5R9sHEZh4cGzMHyNt","Taylor Swift","Say Don't Go (Taylor's Version) (From The Vault)","Taylor Swift",4,13,7,"3311389"
15,"spotify:track:5RqSsdzTNPX1uzkmlHCFvK","KAROL G, Peso Pluma","QLONA","Bichota/Interscope Records",4,15,84,"3127612"
16,"spotify:track:01qFKNWq73UfEslI0GvumE","Jung Kook, Jack Harlow","3D (feat. Jack Harlow)","BIGHIT MUSIC",1,16,35,"3038995"
17,"spotify:track:3cDyocF0Ibdfs1SFQk5cLZ","Darell","Lollipop","Sony Music Latin",16,18,25,"2860565"
18,"spotify:track:6CvTEtGagmzQvkUzzyKR9k","Fuerza Regida, Marshmello","HARLEY QUINN","Rancho Humilde/Street Mob Records",18,20,8,"2850751"
19,"spotify:track:6uIIdjYTxxpWOyWuVXrKQO","Calle 24, Chino Pacas, Fuerza Regida","Que Onda","Street Mob Records - Rancho Humilde",15,17,63,"2822955"
20,"spotify:track:7ABLbnD53cQK00mhcaOUVG","Myke Towers","LALA","WEA Latina",1,21,128,"2703261"
21,"spotify:track:5XeFesFbtLpXzIVDNQP22n","Arctic Monkeys","I Wanna Be Yours","Domino Recording Co",12,23,484,"2637062"
22,"spotify:track:5PyDJG7SQRgWXefgexqIge","Doja Cat","Agora Hills","Kemosabe Records/RCA Records",21,24,42,"2629151"
23,"spotify:track:1hjRhYpWyqDpPahmSlUTlc","Taylor Swift","Style (Taylor's Version)","Taylor Swift",1,19,7,"2618140"
24,"spotify:track:4bw8mcDUSRWfQo63ZTYRnU","Maluma, Carin Leon","Según Quién","Sony Music Latin",16,26,50,"2478227"
25,"spotify:track:6T0sEnqjmHISIKwFETeeiP","Taylor Swift","Suburban Legends (Taylor's Version) (From The Vault)","Taylor Swift",9,22,7,"2459711"
26,"spotify:track:2YSzYUF3jWqb9YP9VXmpjE","Drake, Yeat","IDGAF (feat. Yeat)","OVO/Republic",3,27,28,"2444334"
27,"spotify:track:1kuGVB7EU95pJObxwvfwKS","Olivia Rodrigo","vampire","Olivia Rodrigo PS",1,25,126,"2402268"
28,"spotify:track:1odExI7RdWc4BT515LTAwj","David Kushner","Daylight","Miserable Music Group, LLC",4,32,203,"2378752"
29,"spotify:track:7mXuWTczZNxG5EDcjFEuJR","Peso Pluma, Gabito Ballesteros, Junior H","LADY GAGA","Double P Records",6,30,133,"2358035"
30,"spotify:track:7MXVkk9YMctZqd1Srtv4MB","The Weeknd, Daft Punk","Starboy","Universal Republic Records",1,34,1124,"2295158"
31,"spotify:track:59NraMJsLaMCVtwXTSia8i","cassö, RAYE, D-Block Europe","Prada","Ministry of Sound Recordings",16,39,77,"2287903"
32,"spotify:track:4Dvkj6JhhA12EX05fT7y2e","Harry Styles","As It Was","Columbia",1,33,582,"2286437"
33,"spotify:track:6wf7Yu7cxBSPrRlWeSeK0Q","Billie Eilish","What Was I Made For? [From The Motion Picture ""Barbie""]","Darkroom/Interscope Records",2,36,113,"2273581"
34,"spotify:track:45wMBGri1PORPjM9PwFfrS","Taylor Swift","Blank Space (Taylor's Version)","Taylor Swift",3,28,7,"2271216"
35,"spotify:track:1vYXt7VSjH9JIM5oRRo7vA","Dua Lipa","Dance The Night - From Barbie The Album","Atlantic Records",4,37,161,"2240431"
36,"spotify:track:1K39ty6o1sHwwlZwO6a7wK","Taylor Swift","Wildest Dreams (Taylor's Version)","Taylor Swift",12,31,79,"2208083"
37,"spotify:track:4rXLjWdF2ZZpXCVTfWcshS","Gunna","fukumean","300 Entertainment",6,40,138,"2200318"
38,"spotify:track:0rKWJnmo6Q0ovoPOLoLm0t","The Kid LAROI, Jung Kook, Central Cee","TOO MUCH","Columbia",10,38,14,"2195820"
39,"spotify:track:1Qrg8KqiBpW07V7PNxwwwL","SZA","Kill Bill","Top Dawg Entertainment/RCA Records",1,29,329,"2188516"
40,"spotify:track:4KULAymBBJcPRpk1yO4dOG","Zach Bryan, Kacey Musgraves","I Remember Everything (feat. Kacey Musgraves)","Warner Records",13,43,70,"2104753"
41,"spotify:track:045ZeOHPIzhxxsm8bq5kyE","Taylor Swift","Out Of The Woods (Taylor's Version)","Taylor Swift",8,35,7,"2093823"
42,"spotify:track:4vziJcnB2Qyi9o4nIRUeN7","The Beatles","Now And Then","UMC (Universal Music Catalogue)",42,-1,1,"2063311"
43,"spotify:track:7jtQIBanIiJOMS6RyCx6jZ","Tom Odell","Another Love","ITNO/Columbia",11,44,932,"2033554"
44,"spotify:track:2LBqCSwhJGcFQeTHMVGwy3","The Weeknd","Die For You","Universal Republic Records",9,42,638,"1990973"
45,"spotify:track:3hRV0jL3vUpRrcy398teAU","Lord Huron","The Night We Met","IAMSOUND",45,49,458,"1979959"
46,"spotify:track:6XbtvPmIpyCbjuT0e8cQtp","Quevedo","Columbia","Quevedo",5,47,119,"1971429"
47,"spotify:track:2QjOHCTQ1Jl3zawyYOpxh6","The Neighbourhood","Sweater Weather","Columbia",19,48,1165,"1969689"
48,"spotify:track:3FvTHuefYV6TxE3Kseqno8","Gabito Ballesteros, Natanael Cano","LOU LOU","Los CT Records",45,45,14,"1942327"
49,"spotify:track:1hR8BSuEqPCCZfv93zzzz9","Taylor Swift","Welcome To New York (Taylor's Version)","Taylor Swift",6,41,7,"1939694"
50,"spotify:track:3nNmRE0DxHC6ZaKkrpUumS","Bad Bunny, Young Miko","FINA","Rimas Entertainment LLC",3,46,21,"1938210"
51,"spotify:track:0O3U5iwTbiXCREMkvotJuN","Grupo Frontera, Grupo Firme","EL AMOR DE SU VIDA","Grupo Frontera",45,55,91,"1867633"
52,"spotify:track:0bYg9bo50gSsH3LtXe2SQn","Mariah Carey","All I Want for Christmas Is You","Columbia",1,50,351,"1810481"
53,"spotify:track:0V3wPSX9ygBnCm8psDIegu","Taylor Swift","Anti-Hero","Taylor Swift",1,56,378,"1800817"
54,"spotify:track:0mflMxspEfB0VbI1kyLiAv","Noah Kahan","Stick Season","Mercury Records/Republic Records",54,64,24,"1788128"
55,"spotify:track:1dGr1c8CrMLDpV6mPbImSI","Taylor Swift","Lover","Taylor Swift",2,60,281,"1780157"
56,"spotify:track:3Ua0m0YmEjrMi9XErKcNiR","Jimin","Like Crazy","BIGHIT MUSIC",1,54,223,"1760794"
57,"spotify:track:2vPMoMDXxu9uX1igWZmXSG","Taylor Swift","New Romantics (Taylor's Version)","Taylor Swift",15,51,7,"1739790"
58,"spotify:track:7DSAEUvxU8FajXtRloy8M0","Miley Cyrus","Flowers","Columbia",1,59,294,"1735342"
59,"spotify:track:0ug5NqcwcFR2xrfTkc7k8e","Taylor Swift","Style","Big Machine Records, LLC",12,61,237,"1733113"
60,"spotify:track:6GXgd1BPD9bUpqw5AntGV5","Taylor Swift","All You Had To Do Was Stay (Taylor's Version)","Taylor Swift",10,52,7,"1719085"
61,"spotify:track:4iZ4pt7kvcaH6Yo8UoZ4s2","SZA","Snooze","Top Dawg Entertainment/RCA Records",25,65,319,"1717742"
62,"spotify:track:5h1BN75CEh8wdSwE1xrbSe","V","Slow Dancing","BIGHIT MUSIC",10,89,56,"1717135"
63,"spotify:track:5Eh1nj7IjV9lwpcKAkidyY","Troye Sivan","One Of Your Girls","EMI Recorded Music Australia Pty Ltd",25,69,21,"1706503"
64,"spotify:track:1u8c2t2Cy7UBoG4ArRcF5g","Taylor Swift","Blank Space","Big Machine Records, LLC",14,66,707,"1699543"
65,"spotify:track:5ixdmTpCmH5diBA1j154wN","Bad Bunny","UN PREVIEW","Rimas Entertainment LLC",3,57,38,"1692002"
66,"spotify:track:25OeKzcqakFPaJlXHPE5lm","Carin Leon","Primera Cita","Socios Music LLC",18,67,129,"1684564"
67,"spotify:track:7aqfrAY2p9BUSiupwk3svU","Drake, J. Cole","First Person Shooter (feat. J. Cole)","OVO/Republic",2,68,28,"1676479"
68,"spotify:track:6WzRpISELf3YglGAh7TXcG","The Weeknd, Playboi Carti, Madonna","Popular (with Playboi Carti & Madonna) - Music from the HBO Original Series","XO / Republic Records",10,71,154,"1673243"
69,"spotify:track:2dHHgzDwk4BJdRwy9uXhTO","Metro Boomin, The Weeknd, 21 Savage","Creepin' (with The Weeknd & 21 Savage)","Republic Records",1,62,336,"1664417"
70,"spotify:track:7CyPwkp0oE8Ro9Dd5CUDjW","The Weeknd, JENNIE, Lily-Rose Depp","One Of The Girls (with JENNIE, Lily Rose Depp)","XO / Republic Records",70,73,26,"1663846"
71,"spotify:track:3hUxzQpSfdDqwM3ZTFQY0K","Taylor Swift","august","Taylor Swift",4,75,267,"1631150"
72,"spotify:track:0VjIjW4GlUZAMYd2vXMi3b","The Weeknd","Blinding Lights","Republic Records",1,53,1435,"1615190"
73,"spotify:track:1s7oOCT8vauUh01PbJD6ps","Rema, Selena Gomez","Calm Down (with Selena Gomez)","Mavin Records / Jonzing World",8,76,434,"1598031"
74,"spotify:track:2ByBBvpR9b7IynvRmnG7kG","Taylor Swift","Clean (Taylor's Version)","Taylor Swift",16,58,7,"1594748"
75,"spotify:track:6XSqqQIy7Lm7SnwxS4NrGx","Feid, Young Miko","Classy 101","UMLE - Latino",6,74,217,"1592297"
76,"spotify:track:2FDTHlrBguDzQkp7PVj16Q","Dave, Central Cee","Sprinter","Neighbourhood / Live Yours",4,83,154,"1587348"
77,"spotify:track:3zSSCPpLZ5Oc8nelhhGjKz","AUR","Tu hai kahan","Sony Music Entertainment",70,70,16,"1586709"
78,"spotify:track:6wsqVwoiVH2kde4k4KKAFU","Travis Scott","I KNOW ?","Cactus Jack/Epic",11,77,98,"1583057"
79,"spotify:track:7qEHsqek33rTcFNT9PFqLf","Lewis Capaldi","Someone You Loved","Vertigo Berlin",4,88,1749,"1581416"
80,"spotify:track:4R2kfaDFhslZEMJqAFNpdd","Taylor Swift","cardigan","Taylor Swift",1,84,333,"1579198"
81,"spotify:track:3pv7Q5v2dpdefwdWIvE7yH","Taylor Swift","Shake It Off (Taylor's Version)","Taylor Swift",11,63,7,"1575009"
82,"spotify:track:4uUG5RXrOk84mYEfFvj3cK","David Guetta, Bebe Rexha","I'm Good (Blue)","Parlophone UK",1,80,434,"1573684"
83,"spotify:track:74X2u8JMVooG2QbjRxXwR8","LE SSERAFIM","Perfect Night","SOURCE MUSIC",83,102,5,"1568406"
84,"spotify:track:3AJwUDP919kvQ9QcozQPxg","Coldplay","Yellow","Parlophone UK",46,82,1038,"1567712"
85,"spotify:track:0RiRZpuVRbi7oqRdSMwhQY","Post Malone, Swae Lee","Sunflower - Spider-Man: Into the Spider-Verse","Republic Records",1,78,1788,"1566793"
86,"spotify:track:3qQbCzHBycnDpGskqOWY0E","Eslabon Armado, Peso Pluma","Ella Baila Sola","DEL Records",1,86,231,"1547364"
87,"spotify:track:7KA4W4McWYRpgf0fWsJZWB","Tyler, The Creator, Kali Uchis","See You Again (feat. Kali Uchis)","Columbia",13,90,243,"1547058"
88,"spotify:track:0JmnkIqdlnUzPaf8sqBRs3","Kali Uchis","Moonlight","Geffen Records",34,97,235,"1508233"
89,"spotify:track:43y1WpBdnEy5TR9aZoSQL9","Taylor Swift","I Wish You Would (Taylor's Version)","Taylor Swift",14,72,7,"1491560"
90,"spotify:track:1R0a2iXumgCiFb7HEZ7gUE","Taylor Swift","Don’t Blame Me","Big Machine Records, LLC",68,103,445,"1491011"
91,"spotify:track:4SW9gHnW8NfKOdqmh0ij45","Bizarrap, Milo j","Fruto","DALE PLAY Records",30,93,29,"1487822"
92,"spotify:track:2yzshFeBIwH8tWIqHEFLeD","Grupo Frontera, Bad Bunny","un x100to","Grupo Frontera",1,100,200,"1473606"
93,"spotify:track:5sdQOyqq2IDhvmx2lHOpwd","NewJeans","Super Shy","ADOR",4,98,119,"1463149"
94,"spotify:track:2TJKY0WSFufZOzbRNgl6zE","Alex Favela, Grupo Marca Registrada, Joaquin Medina","ELOVRGA","Rios Music/ Outerspace Music/ Boba Records Corporation",50,81,63,"1459432"
95,"spotify:track:3xKsf9qdS1CyvXSMEid6g8","Frank Ocean","Pink + White","Boys Don't Cry",69,110,160,"1455610"
96,"spotify:track:3IX0yuEVvDbnqUwMBB3ouC","Olivia Rodrigo","bad idea right?","Olivia Rodrigo PS",3,107,84,"1454358"
97,"spotify:track:31nfdEooLEq7dn3UMcIeB5","BENNETT","Vois sur ton chemin - Techno Mix","Warner Music Central Europe",76,123,42,"1443439"
98,"spotify:track:2WfaOiMkCvy7F5fcp2zZ8L","a-ha","Take on Me","Rhino",98,104,137,"1441973"
99,"spotify:track:00ZKeP47bZtswtANkvxz2j","Tropa do Bruxo, DJ Ws da Igrejinha, SMU, Triz, Mc Menor Thalis","Baile do Bruxo","Tropa Do Bruxo",95,95,8,"1436452"
100,"spotify:track:0u2P5u6lvoDfwTYjAADbn4","Billie Eilish, Khalid","lovely (with Khalid)","Darkroom",19,112,2015,"1427782"
101,"spotify:track:1mea3bSkSGXuIRvnydlB5b","Coldplay","Viva La Vida","Parlophone UK",52,113,434,"1419131"
102,"spotify:track:7K3BhSpAxZBznislvUMVtn","Morgan Wallen","Last Night","Big Loud Records / Mercury Records / Republic Records",10,115,276,"1412371"
103,"spotify:track:6RcAHyC5sAUIbPTkhOQwd8","Junior H","Y LLORO","WEA Latina",53,85,28,"1410602"
104,"spotify:track:3xMHXmedL5Rvfxmiar9Ryv","Anirudh Ravichander, Arijit Singh, Shilpa Rao, Kumaar","Chaleya","T-Series",17,99,66,"1408933"
105,"spotify:track:2InS5VWKJQbsFBKOsf1cJB","Dj GBR, Mc IG, MC Ryan SP, MC PH, Mc Davi, Mc Luki, Mc Don Juan, Mc Kadu, TrapLaudo, MC GP, MC GH do 7","Let's Go 4","GR6 Music",68,101,49,"1407375"
106,"spotify:track:2f0GI2ZLUtbGqFx8t2Gk6A","Taylor Swift","I Know Places (Taylor's Version)","Taylor Swift",19,87,7,"1406457"
107,"spotify:track:54zcJnb3tp9c5OVKREZ1Is","KAROL G","MI EX TENÍA RAZÓN","Bichota/Interscope Records",15,106,84,"1405909"
108,"spotify:track:4fYte8ZvTK14NEhAOZocBi","OneRepublic","I Ain't Worried","Interscope Records",7,111,516,"1404774"
109,"spotify:track:1xK59OXxi2TAAAbmZK0kBL","d4vd","Romantic Homicide","Darkroom/Interscope Records",17,124,425,"1403507"
110,"spotify:track:7j4OmvkjRz0PrjFADlHfQx","Adele","Set Fire to the Rain","XL Recordings",46,116,324,"1392527"
111,"spotify:track:1JSTJqkT5qHq8MDJnJbRE1","The Police","Every Breath You Take","Polydor Records",96,121,768,"1385962"
112,"spotify:track:68Dni7IE4VyPkTOH9mRWHr","J. Cole","No Role Modelz","Roc Nation Records LLC",69,127,847,"1384239"
113,"spotify:track:5QVVjX0ZItqlVpEuVCM9Yg","Taylor Swift","This Love (Taylor’s Version)","Taylor Swift",22,92,20,"1383706"
114,"spotify:track:2ve0kuaWUCt4Zx8x4bf1MR","Taylor Swift","Wonderland (Taylor's Version)","Taylor Swift",21,91,7,"1377308"
115,"spotify:track:1FEiijYPJtyswChfcpv3p0","Lana Del Rey","Summertime Sadness","Urban",74,125,446,"1375192"
116,"spotify:track:6IPwKM3fUUzlElbvKw2sKl","girl in red","we fell in love in october","world in red",32,109,105,"1374066"
117,"spotify:track:2sTDlCxmuZCTDKKk9f1qus","Bad Bunny","WHERE SHE GOES","Rimas Entertainment LLC",1,118,168,"1367660"
118,"spotify:track:64FzgoLZ3oXu2SriZblHic","Taylor Swift","Bad Blood (Taylor's Version)","Taylor Swift",13,94,7,"1366214"
119,"spotify:track:4qSEvFGCpde73gqIuq3sho","Bad Bunny, Mora","HIBIKI","Rimas Entertainment LLC",4,117,21,"1366159"
120,"spotify:track:58ge6dfP91o9oXMzq3XkIS","Arctic Monkeys","505","Domino/Warner Records",40,129,678,"1363259"
121,"spotify:track:2UW7JaomAMuX9pZrjVpHAU","Yng Lvcas, Peso Pluma","La Bebe - Remix","WM Mexico",2,120,230,"1357592"
122,"spotify:track:75W3SngKzTuoQ94uLf3y82","Taylor Swift","How You Get The Girl (Taylor's Version)","Taylor Swift",17,96,7,"1356447"
123,"spotify:track:086myS9r57YsLbJpU0TgK9","Arctic Monkeys","Why'd You Only Call Me When You're High?","Domino Recording Co",85,128,655,"1354451"
124,"spotify:track:7F4tV8SiUy6itZTdAzdafO","Nadhif Basalamah","penjaga hati","After School",69,114,20,"1347675"
125,"spotify:track:5g7sDjBhZ4I3gcFIpkrLuI","Bruno Mars","Locked out of Heaven","Atlantic Records",36,122,503,"1346241"
126,"spotify:track:4RvWPyQ5RL0ao9LPZeSouE","Tears For Fears","Everybody Wants To Rule The World","UMC (Universal Music Catalogue)",80,130,413,"1345245"
127,"spotify:track:6dgUya35uo964z7GZXM07g","Sabrina Carpenter","Nonsense","Island Records",12,119,295,"1336053"
128,"spotify:track:3WMj8moIAXJhHsyLaqIIHI","Zach Bryan","Something in the Orange","Warner Records",53,140,311,"1329829"
129,"spotify:track:3USxtqRwSYz57Ewm6wWRMp","Glass Animals","Heat Waves","Polydor Records",1,134,1048,"1327478"
130,"spotify:track:4UwqOWDpdeIDVQDuKT6iza","Taylor Swift","You Are In Love (Taylor's Version)","Taylor Swift",25,105,7,"1322946"
131,"spotify:track:06qMRF18gwbOYYbnP2du6i","Wham!","Last Christmas - Single Version","Sony Music CG",2,138,285,"1322742"
132,"spotify:track:7yq4Qj7cqayVTp3FF9CWbm","Vance Joy","Riptide","Atlantic Records",76,135,998,"1311560"
133,"spotify:track:1iLbUmb2b2btyAAcQ68a1p","Bizarrap, Milo j","Milo J: Bzrp Music Sessions, Vol. 57","DALE PLAY Records",8,131,29,"1310892"
134,"spotify:track:6irysuQyZWd7Bjj7ePiOs2","Jhayco","Holanda","N&E Entertainment LLC",27,136,84,"1310606"
135,"spotify:track:22skzmqfdWrjJylampe0kt","Macklemore & Ryan Lewis, Macklemore, Ryan Lewis, Ray Dalton","Can't Hold Us (feat. Ray Dalton)","Macklemore",57,142,618,"1304622"
136,"spotify:track:5gDWsRxpJ2lZAffh5p7K0w","The Weeknd, Lana Del Rey","Stargirl Interlude","Universal Republic Records",89,144,439,"1304171"
137,"spotify:track:3hxIUxnT27p5WcmjGUXNwx","Hotel Ugly","Shut up My Moms Calling","Hotel Ugly, under exclusive license to Amuseio AB",65,145,299,"1296826"
138,"spotify:track:0yc6Gst2xkRu0eMLeRMGCX","Cigarettes After Sex","Apocalypse","Partisan Records",81,152,456,"1295020"
139,"spotify:track:3EaJDYHA0KnX88JvDhL9oa","Steve Lacy","Dark Red","Three Quarter",58,154,668,"1292945"
140,"spotify:track:2tpWsVSb9UEmDRxAl1zhX1","OneRepublic","Counting Stars","Mosley / Interscope",101,141,933,"1289194"
141,"spotify:track:7yIIeKUxTpn36X6CFJhgEi","Bellakath, Dani Flow","Reggaeton Champagne","La Mafia del Perreo",81,126,28,"1285327"
142,"spotify:track:5FVd6KXrgO9B3JPmC8OPst","Arctic Monkeys","Do I Wanna Know?","Domino Recording Co",91,149,758,"1279536"
143,"spotify:track:567e29TDzLwZwfDuEpGTwo","The Kid LAROI, Justin Bieber","STAY (with Justin Bieber)","Columbia",1,133,847,"1278193"
144,"spotify:track:0ll8uFnc0nANY35E0Lfxvg","Keane","Somewhere Only We Know","Interscope",111,148,359,"1274079"
145,"spotify:track:505v13epFXodT9fVAJ6h8k","KAROL G","AMARGURA","Universal Music Latino",50,143,168,"1273515"
146,"spotify:track:1yeB8MUNeLo9Ek1UEpsyz6","Drake, Sexyy Red, SZA","Rich Baby Daddy (feat. Sexyy Red & SZA)","OVO/Republic",22,137,28,"1269037"
147,"spotify:track:0B7wvvmu9EISAwZnOpjhNI","Bruno Mars","When I Was Your Man","Atlantic Records",68,159,411,"1259032"
148,"spotify:track:6I3mqTwhRpn34SLVafSH7G","Justin Bieber","Ghost","RBMG/Def Jam",10,147,756,"1258977"
149,"spotify:track:561jH07mF1jHuk7KlaeF0s","Eminem","Mockingbird","Aftermath",20,158,384,"1257858"
150,"spotify:track:3CRDbSIZ4r5MsZ0YwxuEkn","Twenty One Pilots","Stressed Out","Fueled By Ramen",63,173,282,"1256512"
151,"spotify:track:60a0Rd6pjrkxjPbaKzXjfq","Linkin Park","In the End","Warner Records",7,165,207,"1249523"
152,"spotify:track:7BqBn9nzAq8spo5e7cZ0dJ","Bruno Mars","Just the Way You Are","Atlantic Records",111,150,317,"1247354"
153,"spotify:track:3dYD57lRAUcMHufyqn9GcI","Hozier","Take Me to Church","Columbia",91,183,778,"1242387"
154,"spotify:track:3azJifCSqg9fRij2yKIbWz","Tory Lanez","The Color Violet","One Umbrella Records",60,161,262,"1240838"
155,"spotify:track:6dBUzqjtbnIa1TwYbyw5CM","TV Girl","Lovers Rock","TV Girl",122,170,124,"1238399"
156,"spotify:track:7lQ8MOhq6IN2w8EYcFNSUk","Eminem","Without Me","Aftermath",29,160,764,"1237768"
157,"spotify:track:2eAvDnpXP5W0cVtiI0PUxV","Ruth B.","Dandelions","Columbia",32,157,807,"1236854"
158,"spotify:track:6rjuKpPydT2SxN15TZpV7r","Lil Tecca","500lbs","Galactic Records/Lil Tecca",149,172,21,"1235851"
159,"spotify:track:741UUVE2kuITl0c6zuqqbO","Nicki Minaj, Ice Spice, Aqua","Barbie World (with Aqua) [From Barbie The Album]","Atlantic Records",4,163,131,"1235782"
160,"spotify:track:739WUU1tPFLO4x4HJq561K","FIFTY FIFTY","Cupid - Twin Ver.","WM Korea",3,146,231,"1235458"
161,"spotify:track:5TRPicyLGbAF2LGBFbHGvO","Kanye West, Dwele","Flashing Lights","Roc-A-Fella",161,168,64,"1233972"
162,"spotify:track:3tt9i3Hhzq84dPS8H7iSiJ","Manuel Turizo","La Bachata","Sony Music Latin/La Industria",3,153,489,"1231656"
163,"spotify:track:5qaEfEh1AtSdrdrByCP7qR","Imagine Dragons","Demons","Kid Ina Korner / Interscope",114,151,331,"1229136"
164,"spotify:track:1JgknGBbrfmEHeOZH051SS","SUICIDAL-IDOL","ecstacy (slowed)","AVR",102,164,33,"1228561"
165,"spotify:track:6gcuJpHu0Ey30D5WR76y98","JENNIE","You & Me","YG Entertainment/Interscope Records",13,155,27,"1228411"
166,"spotify:track:0tgVpDi06FyKpA1z0VMD4v","Ed Sheeran","Perfect","Atlantic Records UK",3,156,2411,"1225077"
167,"spotify:track:2HbKqm4o0w5wEeEFXm2sD4","Kendrick Lamar, Jay Rock","Money Trees","Aftermath",55,166,311,"1218302"
168,"spotify:track:1zi7xx7UVEFkmKfv06H8x0","Drake, Wizkid, Kyla","One Dance","Cash Money Records/Young Money Ent./Universal Rec.",5,177,1140,"1218096"
169,"spotify:track:1YnChEM51BVZ5dRhbVFEMl","Bad Bunny, Bryant Myers","SEDA","Rimas Entertainment LLC",7,176,21,"1215251"
170,"spotify:track:70LcF31zb1H0PyJoS1Sx1r","Radiohead","Creep","XL Recordings",109,132,137,"1214917"
171,"spotify:track:6Qyc6fS4DsZjB2mRW9DsQs","The Goo Goo Dolls","Iris","Warner Records",111,178,96,"1213577"
172,"spotify:track:5odlY52u43F5BjByhxg7wg","JVKE","golden hour","JVKE",11,167,437,"1207708"
173,"spotify:track:2N0SPREDYqILVEFSsWF5N5","V","Love Me Again","BIGHIT MUSIC",10,162,84,"1206551"
174,"spotify:track:4EWCNWgDS8707fNSZ1oaA5","Kanye West","Heartless","Roc-A-Fella",148,188,112,"1203861"
175,"spotify:track:3kx21xR6IboC9HVdajgBoc","Fuerza Regida","SABOR FRESA","Rancho Humilde/Street Mob Records",15,175,132,"1197933"
176,"spotify:track:0JXXNGljqupsJaZsgSbMZV","Miguel","Sure Thing","Jive",14,186,316,"1196003"
177,"spotify:track:23RoR84KodL5HWvUTneQ1w","Peggy Gou","(It Goes Like) Nanana - Edit","XL Recordings",20,174,135,"1191689"
178,"spotify:track:1zv3WFUbZ5vPxFq9I2jAU1","Rihanna, Calvin Harris","We Found Love","Def Jam Recordings",18,184,242,"1187412"
179,"spotify:track:6AENBD8I0mDGglFqrRZGu7","Gusttavo Lima, Ana Castela","Canudinho - Ao Vivo","Sony Music Entertainment",76,-1,20,"1186154"
180,"spotify:track:2LawezPeJhN4AWuSB0GtAU","Creedence Clearwater Revival","Have You Ever Seen The Rain","Craft Recordings",140,193,96,"1185149"
181,"spotify:track:1Y3LN4zO1Edc2EluIoSPJN","Stephen Sanchez, Em Beihold","Until I Found You (with Em Beihold) - Em Beihold Version","Republic Records",6,185,335,"1179498"
182,"spotify:track:2nLtzopw4rPReszdYBJU6h","Linkin Park","Numb","Warner Records",12,189,58,"1175874"
183,"spotify:track:6GGtHZgBycCgGBUhZo81xe","Lana Del Rey","Say Yes To Heaven","Polydor Records",7,192,166,"1174382"
184,"spotify:track:35D06z7kmwMmYYbyJ0BkSm","Manu, Simone Mendes","Daqui pra Sempre","manuoficial",184,-1,1,"1163354"
185,"spotify:track:0dS2u2UFd88TIzDDaZDLvS","d4vd","Here With Me","Darkroom/Interscope Records",13,187,369,"1159640"
186,"spotify:track:7bPp2NmpmyhLJ7zWazAXMu","Peso Pluma, Grupo Frontera","TULUM","Double P Records",23,179,126,"1157217"
187,"spotify:track:0pqnGHJpmpxLKifKRmU6WP","Imagine Dragons","Believer","Kid Ina Korner / Interscope",15,182,2458,"1155331"
188,"spotify:track:37F0uwRSrdzkBiuj0D5UHI","The Weeknd","Reminder","Universal Republic Records",59,190,305,"1151309"
189,"spotify:track:6Sq7ltF9Qa7SNFBsV5Cogx","Bad Bunny, Chencho Corleone","Me Porto Bonito","Rimas Entertainment LLC",2,181,546,"1149257"
190,"spotify:track:1daDRI9ahBonbWD8YcxOIB","Miley Cyrus","Angels Like You","RCA Records Label",19,196,231,"1143452"
191,"spotify:track:7rbECVPkY5UODxoOUVKZnA","Kanye West","I Wonder","Roc-A-Fella",151,-1,20,"1139814"
192,"spotify:track:6IAZHEBUIGJ6NJKxxOBIEr","Adele","Rolling in the Deep","XL Recordings",28,194,190,"1139469"
193,"spotify:track:0DWdj2oZMBFSzRsi2Cvfzf","KAROL G, Shakira","TQG","Universal Music Latino",1,191,252,"1133236"
194,"spotify:track:1DmW5Ep6ywYwxc2HMT5BG6","Loreen","Tattoo","Universal Music AB",5,197,177,"1129425"
195,"spotify:track:2Hh3ETdQKrmSI3QS0hme7g","Metro Boomin, Future, Don Toliver","Too Many Nights (feat. Don Toliver & with Future)","Republic Records",26,199,247,"1128534"
196,"spotify:track:0ofHAoxe9vBkTCp2UQIavz","Fleetwood Mac","Dreams - 2004 Remaster","Rhino/Warner Records",17,-1,441,"1120302"
197,"spotify:track:6qAcApH8obo8eqatCKUHd9","Taylor Swift, Kendrick Lamar","Bad Blood (feat. Kendrick Lamar) (Taylor's Version)","Taylor Swift",40,171,7,"1118125"
198,"spotify:track:3F5CgOj3wFlRv51JsHbxhe","Drake, 21 Savage","Jimmy Cooks (feat. 21 Savage)","OVO",4,-1,487,"1115209"
199,"spotify:track:54ipXppHLA8U4yqpOFTUhr","Imagine Dragons","Bones","Kid Ina Korner / Interscope",27,180,602,"1107996"
200,"spotify:track:7KokYm8cMIXCsGVmUvKtqf","Taylor Swift","Karma","Taylor Swift",8,195,252,"1104958"
